{
  "$id": "archive.json",
  "$schema": "http://json-schema.org/draft-07/schema#",
  "title": "archive",
  "type": "object",
  "properties": {
    "active_until": {
      "typeName": "archiveActiveUntil",
      "typeClass": "primitive",
      "multiple": false,
      "type": "string",
      "description": "A date (YYYY-MM-DD) up to which the data set is in the active state"
    },
    "archived_from": {
      "typeName": "archiveArchivedFrom",
      "typeClass": "primitive",
      "multiple": false,
      "type": "string",
      "description": "A date (YYYY-MM-DD) from whith the data set is archived"
    },
    "archived_for": {
      "typeName": "archiveArchivedFor",
      "typeClass": "controlledVocabulary",
      "multiple": false,
      "type": "string",
      "description": "The period for which the record is to be archived. ",
      "enum": [
        "1 year",
        "3 years",
        "5 years",
        "10 years"
      ]
    },
    "archived_at": {
      "typeName": "archiveArchivedAt",
      "typeClass": "primitive",
      "multiple": true,
      "type": "array",
      "description": "The location where the files are archived"
    },
    "_metadatablock_name": {
      "default": "archive",
      "type": "string"
    }
  },
  "definitions": {},
  "required": []
}