{
  "$id": "citation.json",
  "$schema": "http://json-schema.org/draft-07/schema#",
  "title": "citation",
  "type": "object",
  "properties": {
    "software": {
      "typeName": "software",
      "type": "array",
      "typeClass": "compound",
      "multiple": true,
      "description": "Information about the software used to generate the Dataset.",
      "items": {
        "$ref": "#/definitions/software"
      }
    },
    "grant_information": {
      "typeName": "grantNumber",
      "type": "array",
      "typeClass": "compound",
      "multiple": true,
      "description": "Grant Information",
      "items": {
        "$ref": "#/definitions/grant_information"
      }
    },
    "author": {
      "typeName": "author",
      "type": "array",
      "typeClass": "compound",
      "multiple": true,
      "description": "The person(s), corporate body(ies), or agency(ies) responsible for creating the work.",
      "items": {
        "$ref": "#/definitions/author"
      }
    },
    "project": {
      "typeName": "project",
      "type": "array",
      "typeClass": "compound",
      "multiple": true,
      "description": "Information about the project as context of the data.",
      "items": {
        "$ref": "#/definitions/project"
      }
    },
    "keyword": {
      "typeName": "keyword",
      "type": "array",
      "typeClass": "compound",
      "multiple": true,
      "description": "Key terms that describe important aspects of the Dataset.",
      "items": {
        "$ref": "#/definitions/keyword"
      }
    },
    "series": {
      "typeName": "series",
      "type": "array",
      "typeClass": "compound",
      "multiple": true,
      "description": "Information about the Dataset series.",
      "items": {
        "$ref": "#/definitions/series"
      }
    },
    "storage": {
      "typeName": "storage",
      "type": "array",
      "typeClass": "compound",
      "multiple": true,
      "description": "Information about data that could NOT be uploaded into the system.",
      "items": {
        "$ref": "#/definitions/storage"
      }
    },
    "distributor": {
      "typeName": "distributor",
      "type": "array",
      "typeClass": "compound",
      "multiple": true,
      "description": "The organization designated by the author or producer to generate copies of the particular work including any necessary editions or revisions.",
      "items": {
        "$ref": "#/definitions/distributor"
      }
    },
    "title": {
      "typeName": "title",
      "typeClass": "primitive",
      "multiple": false,
      "type": "string",
      "description": "Full title by which the Dataset is known."
    },
    "subtitle": {
      "typeName": "subtitle",
      "typeClass": "primitive",
      "multiple": false,
      "type": "string",
      "description": "A secondary title used to amplify or state certain limitations on the main title."
    },
    "alternative_title": {
      "typeName": "alternativeTitle",
      "typeClass": "primitive",
      "multiple": false,
      "type": "string",
      "description": "A title by which the work is commonly referred, or an abbreviation of the title."
    },
    "alternative_url": {
      "typeName": "alternativeURL",
      "typeClass": "primitive",
      "multiple": false,
      "type": "string",
      "description": "A URL where the dataset can be viewed, such as a personal or project website.  "
    },
    "subject": {
      "typeName": "subject",
      "typeClass": "controlledVocabulary",
      "multiple": true,
      "type": "array",
      "items": {
        "type": "string",
        "enum": [
          "Agricultural Sciences",
          "Arts and Humanities",
          "Astronomy and Astrophysics",
          "Business and Management",
          "Chemistry",
          "Computer and Information Science",
          "Earth and Environmental Sciences",
          "Engineering",
          "Law",
          "Mathematical Sciences",
          "Medicine, Health and Life Sciences",
          "Physics",
          "Social Sciences",
          "Other"
        ]
      },
      "description": "Domain-specific Subject Categories that are topically relevant to the Dataset."
    },
    "notes": {
      "typeName": "notesText",
      "typeClass": "primitive",
      "multiple": false,
      "type": "string",
      "description": "Additional important information about the Dataset."
    },
    "language": {
      "typeName": "language",
      "typeClass": "controlledVocabulary",
      "multiple": true,
      "type": "array",
      "description": "Language of the Dataset",
      "enum": [
        "Abkhaz",
        "Afar",
        "Afrikaans",
        "Akan",
        "Albanian",
        "Amharic",
        "Arabic",
        "Aragonese",
        "Armenian",
        "Assamese",
        "Avaric",
        "Avestan",
        "Aymara",
        "Azerbaijani",
        "Bambara",
        "Bashkir",
        "Basque",
        "Belarusian",
        "Bengali, Bangla",
        "Bihari",
        "Bislama",
        "Bosnian",
        "Breton",
        "Bulgarian",
        "Burmese",
        "Catalan,Valencian",
        "Chamorro",
        "Chechen",
        "Chichewa, Chewa, Nyanja",
        "Chinese",
        "Chuvash",
        "Cornish",
        "Corsican",
        "Cree",
        "Croatian",
        "Czech",
        "Danish",
        "Divehi, Dhivehi, Maldivian",
        "Dutch",
        "Dzongkha",
        "English",
        "Esperanto",
        "Estonian",
        "Ewe",
        "Faroese",
        "Fijian",
        "Finnish",
        "French",
        "Fula, Fulah, Pulaar, Pular",
        "Galician",
        "Georgian",
        "German",
        "Greek (modern)",
        "Guaran\u00ed",
        "Gujarati",
        "Haitian, Haitian Creole",
        "Hausa",
        "Hebrew (modern)",
        "Herero",
        "Hindi",
        "Hiri Motu",
        "Hungarian",
        "Interlingua",
        "Indonesian",
        "Interlingue",
        "Irish",
        "Igbo",
        "Inupiaq",
        "Ido",
        "Icelandic",
        "Italian",
        "Inuktitut",
        "Japanese",
        "Javanese",
        "Kalaallisut, Greenlandic",
        "Kannada",
        "Kanuri",
        "Kashmiri",
        "Kazakh",
        "Khmer",
        "Kikuyu, Gikuyu",
        "Kinyarwanda",
        "Kyrgyz",
        "Komi",
        "Kongo",
        "Korean",
        "Kurdish",
        "Kwanyama, Kuanyama",
        "Latin",
        "Luxembourgish, Letzeburgesch",
        "Ganda",
        "Limburgish, Limburgan, Limburger",
        "Lingala",
        "Lao",
        "Lithuanian",
        "Luba-Katanga",
        "Latvian",
        "Manx",
        "Macedonian",
        "Malagasy",
        "Malay",
        "Malayalam",
        "Maltese",
        "M\u0101ori",
        "Marathi (Mar\u0101\u1e6dh\u012b)",
        "Marshallese",
        "Mixtepec Mixtec",
        "Mongolian",
        "Nauru",
        "Navajo, Navaho",
        "Northern Ndebele",
        "Nepali",
        "Ndonga",
        "Norwegian Bokm\u00e5l",
        "Norwegian Nynorsk",
        "Norwegian",
        "Nuosu",
        "Southern Ndebele",
        "Occitan",
        "Ojibwe, Ojibwa",
        "Old Church Slavonic,Church Slavonic,Old Bulgarian",
        "Oromo",
        "Oriya",
        "Ossetian, Ossetic",
        "Panjabi, Punjabi",
        "P\u0101li",
        "Persian (Farsi)",
        "Polish",
        "Pashto, Pushto",
        "Portuguese",
        "Quechua",
        "Romansh",
        "Kirundi",
        "Romanian",
        "Russian",
        "Sanskrit (Sa\u1e41sk\u1e5bta)",
        "Sardinian",
        "Sindhi",
        "Northern Sami",
        "Samoan",
        "Sango",
        "Serbian",
        "Scottish Gaelic, Gaelic",
        "Shona",
        "Sinhala, Sinhalese",
        "Slovak",
        "Slovene",
        "Somali",
        "Southern Sotho",
        "Spanish, Castilian",
        "Sundanese",
        "Swahili",
        "Swati",
        "Swedish",
        "Tamil",
        "Telugu",
        "Tajik",
        "Thai",
        "Tigrinya",
        "Tibetan Standard, Tibetan, Central",
        "Turkmen",
        "Tagalog",
        "Tswana",
        "Tonga (Tonga Islands)",
        "Turkish",
        "Tsonga",
        "Tatar",
        "Twi",
        "Tahitian",
        "Uyghur, Uighur",
        "Ukrainian",
        "Urdu",
        "Uzbek",
        "Venda",
        "Vietnamese",
        "Volap\u00fck",
        "Walloon",
        "Welsh",
        "Wolof",
        "Western Frisian",
        "Xhosa",
        "Yiddish",
        "Yoruba",
        "Zhuang, Chuang",
        "Zulu",
        "Not applicable"
      ]
    },
    "production_date": {
      "typeName": "productionDate",
      "typeClass": "primitive",
      "multiple": false,
      "type": "string",
      "description": "Date when the data collection or other materials were produced (not distributed, published or archived)."
    },
    "production_place": {
      "typeName": "productionPlace",
      "typeClass": "primitive",
      "multiple": false,
      "type": "string",
      "description": "The location where the data collection and any other related materials were produced."
    },
    "distribution_date": {
      "typeName": "distributionDate",
      "typeClass": "primitive",
      "multiple": false,
      "type": "string",
      "description": "Date that the work was made available for distribution/presentation."
    },
    "depositor": {
      "typeName": "depositor",
      "typeClass": "primitive",
      "multiple": false,
      "type": "string",
      "description": "The person (Family Name, Given Name) or the name of the organization that deposited this Dataset to the repository."
    },
    "deposit_date": {
      "typeName": "dateOfDeposit",
      "typeClass": "primitive",
      "multiple": false,
      "type": "string",
      "description": "Date that the Dataset was deposited into the repository."
    },
    "kind_of_data": {
      "typeName": "kindOfData",
      "typeClass": "primitive",
      "multiple": true,
      "type": "array",
      "description": "Type of data included in the file: survey data, census/enumeration data, aggregate data, clinical data, event/transaction data, program source code, machine-readable text, administrative records data, experimental data, psychological test, textual data, coded textual, coded documents, time budget diaries, observation data/ratings, process-produced data, or other."
    },
    "related_material": {
      "typeName": "relatedMaterial",
      "typeClass": "primitive",
      "multiple": true,
      "type": "array",
      "description": "Any material related to this Dataset."
    },
    "related_datasets": {
      "typeName": "relatedDatasets",
      "typeClass": "primitive",
      "multiple": true,
      "type": "array",
      "description": "Any Datasets that are related to this Dataset, such as previous research on this subject."
    },
    "other_references": {
      "typeName": "otherReferences",
      "typeClass": "primitive",
      "multiple": true,
      "type": "array",
      "description": "Any references that would serve as background or supporting material to this Dataset."
    },
    "data_sources": {
      "typeName": "dataSources",
      "typeClass": "primitive",
      "multiple": true,
      "type": "array",
      "description": "List of books, articles, serials, or machine-readable data files that served as the sources of the data collection."
    },
    "origin_of_sources": {
      "typeName": "originOfSources",
      "typeClass": "primitive",
      "multiple": false,
      "type": "string",
      "description": "For historical materials, information about the origin of the sources and the rules followed in establishing the sources should be specified."
    },
    "characteristic_of_sources_noted": {
      "typeName": "characteristicOfSources",
      "typeClass": "primitive",
      "multiple": false,
      "type": "string",
      "description": "Assessment of characteristics and source material."
    },
    "documentation_and_access_to_sources": {
      "typeName": "accessToSources",
      "typeClass": "primitive",
      "multiple": false,
      "type": "string",
      "description": "Level of documentation of the original sources."
    },
    "did_it_work": {
      "typeName": "worked",
      "typeClass": "primitive",
      "multiple": false,
      "type": "string",
      "description": "Not only positive analyses are worthwhile to share. Negative results prevent others from doing the same mistakes."
    },
    "explanation": {
      "typeName": "workedNote",
      "typeClass": "primitive",
      "multiple": false,
      "type": "string",
      "description": "Description of your last answer. Explanation why it worked or not."
    },
    "topic_classification": {
      "typeName": "topicClassification",
      "type": "array",
      "typeClass": "compound",
      "multiple": true,
      "description": "The classification field indicates the broad important topic(s) and subjects that the data cover. Library of Congress subject terms may be used here.  ",
      "items": {
        "$ref": "#/definitions/topic_classification"
      }
    },
    "time_period_covered": {
      "typeName": "timePeriodCovered",
      "type": "array",
      "typeClass": "compound",
      "multiple": true,
      "description": "Time period to which the data refer. This item reflects the time period covered by the data, not the dates of coding or making documents machine-readable or the dates the data were collected. Also known as span.",
      "items": {
        "$ref": "#/definitions/time_period_covered"
      }
    },
    "description": {
      "typeName": "dsDescription",
      "type": "array",
      "typeClass": "compound",
      "multiple": true,
      "description": "A summary describing the purpose, nature, and scope of the Dataset.",
      "items": {
        "$ref": "#/definitions/description"
      }
    },
    "producer": {
      "typeName": "producer",
      "type": "array",
      "typeClass": "compound",
      "multiple": true,
      "description": "Person or organization with the financial or administrative responsibility over this Dataset",
      "items": {
        "$ref": "#/definitions/producer"
      }
    },
    "other_id": {
      "typeName": "otherId",
      "type": "array",
      "typeClass": "compound",
      "multiple": true,
      "description": "Another unique identifier that identifies this Dataset (e.g., producer's or another repository's number).",
      "items": {
        "$ref": "#/definitions/other_id"
      }
    },
    "date_of_collection": {
      "typeName": "dateOfCollection",
      "type": "array",
      "typeClass": "compound",
      "multiple": true,
      "description": "Contains the date(s) when the data were collected.",
      "items": {
        "$ref": "#/definitions/date_of_collection"
      }
    },
    "contributor": {
      "typeName": "contributor",
      "type": "array",
      "typeClass": "compound",
      "multiple": true,
      "description": "The organization or person responsible for either collecting, managing, or otherwise contributing in some form to the development of the resource.",
      "items": {
        "$ref": "#/definitions/contributor"
      }
    },
    "contact": {
      "typeName": "datasetContact",
      "type": "array",
      "typeClass": "compound",
      "multiple": true,
      "description": "The contact(s) for this Dataset.",
      "items": {
        "$ref": "#/definitions/contact"
      }
    },
    "related_publication": {
      "typeName": "publication",
      "type": "array",
      "typeClass": "compound",
      "multiple": true,
      "description": "Publications that use the data from this Dataset. The full list of Related Publications will be displayed on the metadata tab.",
      "items": {
        "$ref": "#/definitions/related_publication"
      }
    },
    "_metadatablock_name": {
      "default": "citation",
      "type": "string"
    }
  },
  "definitions": {
    "software": {
      "properties": {
        "name": {
          "typeName": "softwareName",
          "typeClass": "controlledVocabulary",
          "multiple": false,
          "type": "string",
          "description": "Name of software used to generate the Dataset."
        },
        "version": {
          "typeName": "softwareVersion",
          "typeClass": "primitive",
          "multiple": false,
          "type": "string",
          "description": "Version of the software used to generate the Dataset."
        }
      }
    },
    "grant_information": {
      "properties": {
        "grant_agency": {
          "typeName": "grantNumberAgency",
          "typeClass": "primitive",
          "multiple": false,
          "type": "string",
          "description": "Grant Number Agency"
        },
        "grant_number": {
          "typeName": "grantNumberValue",
          "typeClass": "primitive",
          "multiple": false,
          "type": "string",
          "description": "The grant or contract number of the project that  sponsored the effort."
        }
      }
    },
    "author": {
      "properties": {
        "name": {
          "typeName": "authorName",
          "typeClass": "primitive",
          "multiple": false,
          "type": "string",
          "description": "The author's Family Name, Given Name or the name of the organization responsible for this Dataset."
        },
        "affiliation": {
          "typeName": "authorAffiliation",
          "typeClass": "primitive",
          "multiple": false,
          "type": "string",
          "description": "The organization with which the author is affiliated."
        },
        "identifier_scheme": {
          "typeName": "authorIdentifierScheme",
          "typeClass": "controlledVocabulary",
          "multiple": false,
          "type": "string",
          "description": "Name of the identifier scheme (ORCID, ISNI).",
          "enum": [
            "ORCID",
            "ISNI",
            "LCNA",
            "VIAF",
            "GND",
            "DAI",
            "ResearcherID",
            "ScopusID"
          ]
        },
        "identifier": {
          "typeName": "authorIdentifier",
          "typeClass": "primitive",
          "multiple": false,
          "type": "string",
          "description": "Uniquely identifies an individual author or organization, according to various schemes."
        }
      }
    },
    "project": {
      "properties": {
        "name": {
          "typeName": "projectName",
          "typeClass": "primitive",
          "multiple": false,
          "type": "string",
          "description": "Name of the project."
        },
        "level": {
          "typeName": "projectLevel",
          "typeClass": "primitive",
          "multiple": false,
          "type": "integer",
          "description": "The main project should get level zero. Subprojects can get higher levels."
        }
      }
    },
    "keyword": {
      "properties": {
        "term": {
          "typeName": "keywordValue",
          "typeClass": "primitive",
          "multiple": false,
          "type": "string",
          "description": "Key terms that describe important aspects of the Dataset. Can be used for building keyword indexes and for classification and retrieval purposes. A controlled vocabulary can be employed. The vocab attribute is provided for specification of the controlled vocabulary in use, such as LCSH, MeSH, or others. The vocabURI attribute specifies the location for the full controlled vocabulary."
        },
        "vocabulary": {
          "typeName": "keywordVocabulary",
          "typeClass": "primitive",
          "multiple": false,
          "type": "string",
          "description": "For the specification of the keyword controlled vocabulary in use, such as LCSH, MeSH, or others."
        },
        "vocabulary_url": {
          "typeName": "keywordVocabularyURI",
          "typeClass": "primitive",
          "multiple": false,
          "type": "string",
          "description": "Keyword vocabulary URL points to the web presence that describes the keyword vocabulary, if appropriate. Enter an absolute URL where the keyword vocabulary web site is found, such as http://www.my.org."
        }
      }
    },
    "series": {
      "properties": {
        "name": {
          "typeName": "seriesName",
          "typeClass": "primitive",
          "multiple": false,
          "type": "string",
          "description": "Name of the dataset series to which the Dataset belongs."
        },
        "information": {
          "typeName": "seriesInformation",
          "typeClass": "primitive",
          "multiple": false,
          "type": "string",
          "description": "History of the series and summary of those features that apply to the series as a whole."
        }
      }
    },
    "storage": {
      "properties": {
        "name": {
          "typeName": "storageFile",
          "typeClass": "primitive",
          "multiple": false,
          "type": "string",
          "description": "The name of the file, directory or archive."
        },
        "location": {
          "typeName": "storageLocation",
          "typeClass": "primitive",
          "multiple": false,
          "type": "string",
          "description": "The dns, path or url of the location the object is stored. "
        },
        "size": {
          "typeName": "storageSize",
          "typeClass": "primitive",
          "multiple": false,
          "type": "string",
          "description": "The approximated size of the object. Give also Units."
        }
      }
    },
    "distributor": {
      "properties": {
        "name": {
          "typeName": "distributorName",
          "typeClass": "primitive",
          "multiple": false,
          "type": "string",
          "description": "Distributor name"
        },
        "affiliation": {
          "typeName": "distributorAffiliation",
          "typeClass": "primitive",
          "multiple": false,
          "type": "string",
          "description": "The organization with which the distributor contact is affiliated."
        },
        "abbreviation": {
          "typeName": "distributorAbbreviation",
          "typeClass": "primitive",
          "multiple": false,
          "type": "string",
          "description": "The abbreviation by which this distributor is commonly known (e.g., IQSS, ICPSR)."
        },
        "url": {
          "typeName": "distributorURL",
          "typeClass": "primitive",
          "multiple": false,
          "type": "string",
          "description": "Distributor URL points to the distributor's web presence, if appropriate. Enter an absolute URL where the distributor's web site is found, such as http://www.my.org."
        },
        "logo_url": {
          "typeName": "distributorLogoURL",
          "typeClass": "primitive",
          "multiple": false,
          "type": "string",
          "description": "URL of the distributor's logo, which points to this  distributor's web-accessible logo image. Enter an absolute URL where the distributor's logo image is found, such as http://www.my.org/images/logo.gif."
        }
      }
    },
    "topic_classification": {
      "properties": {
        "term": {
          "typeName": "topicClassValue",
          "typeClass": "primitive",
          "multiple": false,
          "type": "string",
          "description": "Topic or Subject term that is relevant to this Dataset."
        },
        "vocabulary": {
          "typeName": "topicClassVocab",
          "typeClass": "primitive",
          "multiple": false,
          "type": "string",
          "description": "Provided for specification of the controlled vocabulary in use, e.g., LCSH, MeSH, etc."
        },
        "vocabulary_url": {
          "typeName": "topicClassVocabURI",
          "typeClass": "primitive",
          "multiple": false,
          "type": "string",
          "description": "Specifies the URL location for the full controlled vocabulary."
        }
      }
    },
    "time_period_covered": {
      "properties": {
        "start": {
          "typeName": "timePeriodCoveredStart",
          "typeClass": "primitive",
          "multiple": false,
          "type": "string",
          "description": "Start date which reflects the time period covered by the data, not the dates of coding or making documents machine-readable or the dates the data were collected."
        },
        "end": {
          "typeName": "timePeriodCoveredEnd",
          "typeClass": "primitive",
          "multiple": false,
          "type": "string",
          "description": "End date which reflects the time period covered by the data, not the dates of coding or making documents machine-readable or the dates the data were collected."
        }
      }
    },
    "description": {
      "properties": {
        "text": {
          "typeName": "dsDescriptionValue",
          "typeClass": "primitive",
          "multiple": false,
          "type": "string",
          "description": "A summary describing the purpose, nature, and scope of the Dataset."
        },
        "date": {
          "typeName": "dsDescriptionDate",
          "typeClass": "primitive",
          "multiple": false,
          "type": "string",
          "description": "In cases where a Dataset contains more than one description (for example, one might be supplied by the data producer and another prepared by the data repository where the data are deposited), the date attribute is used to distinguish between the two descriptions. The date attribute follows the ISO convention of YYYY-MM-DD."
        }
      }
    },
    "producer": {
      "properties": {
        "name": {
          "typeName": "producerName",
          "typeClass": "primitive",
          "multiple": false,
          "type": "string",
          "description": "Producer name"
        },
        "affiliation": {
          "typeName": "producerAffiliation",
          "typeClass": "primitive",
          "multiple": false,
          "type": "string",
          "description": "The organization with which the producer is affiliated."
        },
        "abbreviation": {
          "typeName": "producerAbbreviation",
          "typeClass": "primitive",
          "multiple": false,
          "type": "string",
          "description": "The abbreviation by which the producer is commonly known. (ex. IQSS, ICPSR)"
        },
        "url": {
          "typeName": "producerURL",
          "typeClass": "primitive",
          "multiple": false,
          "type": "string",
          "description": "Producer URL points to the producer's web presence, if appropriate. Enter an absolute URL where the producer's web site is found, such as http://www.my.org.  "
        },
        "logo_url": {
          "typeName": "producerLogoURL",
          "typeClass": "primitive",
          "multiple": false,
          "type": "string",
          "description": "URL for the producer's logo, which points to this  producer's web-accessible logo image. Enter an absolute URL where the producer's logo image is found, such as http://www.my.org/images/logo.gif."
        }
      }
    },
    "other_id": {
      "properties": {
        "agency": {
          "typeName": "otherIdAgency",
          "typeClass": "primitive",
          "multiple": false,
          "type": "string",
          "description": "Name of agency which generated this identifier."
        },
        "identifier": {
          "typeName": "otherIdValue",
          "typeClass": "primitive",
          "multiple": false,
          "type": "string",
          "description": "Other identifier that corresponds to this Dataset."
        }
      }
    },
    "date_of_collection": {
      "properties": {
        "start": {
          "typeName": "dateOfCollectionStart",
          "typeClass": "primitive",
          "multiple": false,
          "type": "string",
          "description": "Date when the data collection started."
        },
        "end": {
          "typeName": "dateOfCollectionEnd",
          "typeClass": "primitive",
          "multiple": false,
          "type": "string",
          "description": "Date when the data collection ended."
        }
      }
    },
    "contributor": {
      "properties": {
        "type": {
          "typeName": "contributorType",
          "typeClass": "controlledVocabulary",
          "multiple": false,
          "type": "string",
          "description": "The type of contributor of the  resource.  ",
          "enum": [
            "Data Collector",
            "Data Curator",
            "Data Manager",
            "Editor",
            "Funder",
            "Hosting Institution",
            "Project Leader",
            "Project Manager",
            "Project Member",
            "Related Person",
            "Researcher",
            "Research Group",
            "Rights Holder",
            "Sponsor",
            "Supervisor",
            "Work Package Leader",
            "Other"
          ]
        },
        "name": {
          "typeName": "contributorName",
          "typeClass": "primitive",
          "multiple": false,
          "type": "string",
          "description": "The Family Name, Given Name or organization name of the contributor."
        }
      }
    },
    "contact": {
      "properties": {
        "name": {
          "typeName": "datasetContactName",
          "typeClass": "primitive",
          "multiple": false,
          "type": "string",
          "description": "The contact's Family Name, Given Name or the name of the organization."
        },
        "affiliation": {
          "typeName": "datasetContactAffiliation",
          "typeClass": "primitive",
          "multiple": false,
          "type": "string",
          "description": "The organization with which the contact is affiliated."
        },
        "email": {
          "typeName": "datasetContactEmail",
          "typeClass": "primitive",
          "multiple": false,
          "type": "string",
          "description": "The e-mail address(es) of the contact(s) for the Dataset. This will not be displayed."
        }
      }
    },
    "related_publication": {
      "properties": {
        "citation": {
          "typeName": "publicationCitation",
          "typeClass": "primitive",
          "multiple": false,
          "type": "string",
          "description": "The full bibliographic citation for this related publication."
        },
        "id_type": {
          "typeName": "publicationIDType",
          "typeClass": "controlledVocabulary",
          "multiple": false,
          "type": "string",
          "description": "The type of digital identifier used for this publication (e.g., Digital Object Identifier (DOI)).",
          "enum": [
            "ark",
            "arXiv",
            "bibcode",
            "doi",
            "ean13",
            "eissn",
            "handle",
            "isbn",
            "issn",
            "istc",
            "lissn",
            "lsid",
            "pmid",
            "purl",
            "upc",
            "url",
            "urn"
          ]
        },
        "id_number": {
          "typeName": "publicationIDNumber",
          "typeClass": "primitive",
          "multiple": false,
          "type": "string",
          "description": "The identifier for the selected ID type."
        },
        "url": {
          "typeName": "publicationURL",
          "typeClass": "primitive",
          "multiple": false,
          "type": "string",
          "description": "Link to the publication web page (e.g., journal article page, archive record page, or other)."
        }
      }
    }
  },
  "required": [
    "software",
    "grant_information",
    "author",
    "project",
    "keyword",
    "series",
    "storage",
    "distributor",
    "topic_classification",
    "time_period_covered",
    "description",
    "producer",
    "other_id",
    "date_of_collection",
    "contributor",
    "contact",
    "related_publication"
  ]
}