{
  "$id": "enzymeML.json",
  "$schema": "http://json-schema.org/draft-07/schema#",
  "title": "enzymeML",
  "type": "object",
  "properties": {
    "kinetic_law": {
      "typeName": "enzymeMLKineticLaw",
      "type": "array",
      "typeClass": "compound",
      "multiple": true,
      "description": "This field describes the kinetic law that has been used to model the reaction kinetics. It includes the conventional as well as the mathematic equation.",
      "items": {
        "$ref": "#/definitions/kinetic_law"
      }
    },
    "reactants": {
      "typeName": "enzymeMLReactant",
      "type": "array",
      "typeClass": "compound",
      "multiple": true,
      "description": "This field describes the reactants that have been used in the course of the experiment. This should be small molecules exclusively such as NADH, pyruvate or any other molecule that is not a protein.",
      "items": {
        "$ref": "#/definitions/reactants"
      }
    },
    "proteins": {
      "typeName": "enzymeMLProtein",
      "type": "array",
      "typeClass": "compound",
      "multiple": true,
      "description": "This field describes the proteins that haven been used in the course of the experiment. These should include catalytic active enzymes as well as non-catalytic entities such as inhibitors.",
      "items": {
        "$ref": "#/definitions/proteins"
      }
    },
    "kinetic_parameters": {
      "typeName": "enzymeMLKineticParameter",
      "type": "array",
      "typeClass": "compound",
      "multiple": true,
      "description": "This field describe the kinetic parameters that have been estimated using the given kinetic law.",
      "items": {
        "$ref": "#/definitions/kinetic_parameters"
      }
    },
    "vessels": {
      "typeName": "enzymeMLVessel",
      "type": "array",
      "typeClass": "compound",
      "multiple": true,
      "description": "This field describes which vessels have been used to carry out the experiment. For example an 'Eppendorf tube' of size 1mL that held a constant volume.",
      "items": {
        "$ref": "#/definitions/vessels"
      }
    },
    "reactions": {
      "typeName": "enzymeMLReaction",
      "type": "array",
      "typeClass": "compound",
      "multiple": true,
      "description": "This field describes the reactions that have been executed in the course of the experiment. Here, every defined reactants/proteins will be combined towards a meaningful biochemical reaction equation.",
      "items": {
        "$ref": "#/definitions/reactions"
      }
    },
    "_metadatablock_name": {
      "default": "enzymeML",
      "type": "string"
    }
  },
  "definitions": {
    "kinetic_law": {
      "properties": {
        "name": {
          "typeName": "enzymeMLKineticLawName",
          "typeClass": "primitive",
          "multiple": false,
          "type": "string",
          "description": "Specifies the conventional name of the kinetic law that has been used. For instance 'Reversible Michaelis-Menten'."
        },
        "reaction_reference": {
          "typeName": "enzymeMLKineticLawReaction",
          "typeClass": "primitive",
          "multiple": false,
          "type": "string",
          "description": "Specifies the reaction that has beeen modeled by the given kinetic law."
        },
        "kinetic_model": {
          "typeName": "enzymeMLKineticLawEquation",
          "typeClass": "primitive",
          "multiple": false,
          "type": "string",
          "description": "Specifies the mathematical equation of the given kinetic law. For variables that reference entities that are part of this EnzymeML document, please use the given identifier. Parameters will be defined in another field and are referenced by their conventional names. For instance, the following equation denotes a valid kinetic model  'vmax  * s1 / ( km + s1 )'."
        }
      }
    },
    "reactants": {
      "properties": {
        "identifier": {
          "typeName": "enzymeMLReactantID",
          "typeClass": "primitive",
          "multiple": false,
          "type": "string",
          "description": "Specifies the internal identifier of the reactant. Please follow the convention of denote a reactant entity by an 's' followed by an integer. For instance, 's1' is a valid ID."
        },
        "name": {
          "typeName": "enzymeMLReactantName",
          "typeClass": "primitive",
          "multiple": false,
          "type": "string",
          "description": "Specifies the conventional or systematic name of the given reactant. Please note that this field on purpose can not be unique since molecule names vary in between fields. Please use either the InChI or SMILES code for a unique identification."
        },
        "vessel_reference": {
          "typeName": "enzymeMLReactantVessel",
          "typeClass": "primitive",
          "multiple": false,
          "type": "string",
          "description": "Specifies the vessel in which the reactant was given. If the reactant was part of multiple reactions carried out in different vessel, please separated these via semicolon ';'."
        },
        "initial_concentration": {
          "typeName": "enzymeMLReactantInitialConcentration",
          "typeClass": "primitive",
          "multiple": false,
          "type": "number",
          "description": "Specifies the initial concentration value at the beginning of the experiment."
        },
        "unit": {
          "typeName": "enzymeMLReactantSubstanceUnits",
          "typeClass": "controlledVocabulary",
          "multiple": false,
          "type": "string",
          "description": "Specifies the corresponding SI unit to the initial concentration value.",
          "enum": [
            "nM",
            "uM",
            "mM",
            "M"
          ]
        },
        "constant": {
          "typeName": "enzymeMLReactantConstant",
          "typeClass": "controlledVocabulary",
          "multiple": false,
          "type": "string",
          "description": "Specifies if the reactants concentation was constant or not. If a reactant serves as a substrate/product, concentrations are likely to change and this field should be set to 'Not constant'.",
          "enum": [
            "Constant",
            "Not constant"
          ]
        },
        "inchicode": {
          "typeName": "enzymeMLReactantInchi",
          "typeClass": "primitive",
          "multiple": false,
          "type": "string",
          "description": "Specifies the IUPAC International Chemical Identifier, which is a unique identifier for a molecule"
        },
        "smilescode": {
          "typeName": "enzymeMLReactantSmiles",
          "typeClass": "primitive",
          "multiple": false,
          "type": "string",
          "description": "Specifies the Simplified Molecular Input Line Entry Specification, which is a unique identifier for a molecule"
        },
        "sbo_term": {
          "typeName": "enzymeMLReactantSBOTerm",
          "typeClass": "primitive",
          "multiple": false,
          "type": "string",
          "description": "Specifies the ID of the System Biology Ontology from branch 'material entity' to define a reactants role (e.g. SBO:0000240)"
        }
      }
    },
    "proteins": {
      "properties": {
        "identifier": {
          "typeName": "enzymeMLProteinID",
          "typeClass": "primitive",
          "multiple": false,
          "type": "string",
          "description": "Specifies the internal identifier of the protein. Please follow the convention of denote a protein entity by a 'p' followed by an integer. For instance, 'p1' is a valid ID."
        },
        "name": {
          "typeName": "enzymeMLProteinName",
          "typeClass": "primitive",
          "multiple": false,
          "type": "string",
          "description": "Specifies the convential name of the protein. Please note that this field on purpose can not be unique since protein/enzyme names vary in between fields. Use the amino acid sequence, UniProtID and/or EC number for a unique identification."
        },
        "vessel_reference": {
          "typeName": "enzymeMLProteinVessel",
          "typeClass": "primitive",
          "multiple": false,
          "type": "string",
          "description": "Specifies the name of the vessel in which the protein was given. If the protein was part of multiple reactions carried out in different vessel, please separated these via semicolon ';'."
        },
        "initial_concentration": {
          "typeName": "enzymeMLProteinInitialConcentration",
          "typeClass": "primitive",
          "multiple": false,
          "type": "number",
          "description": "Specifies the initial concentration value at the beginning of the experiment."
        },
        "unit": {
          "typeName": "enzymeMLProteinSubstanceUnits",
          "typeClass": "controlledVocabulary",
          "multiple": false,
          "type": "string",
          "description": "Specifies the corresponding SI unit to the initial concentration value.",
          "enum": [
            "pM",
            "nM",
            "uM",
            "mM",
            "M"
          ]
        },
        "constant": {
          "typeName": "enzymeMLProteinConstant",
          "typeClass": "controlledVocabulary",
          "multiple": false,
          "type": "string",
          "description": "Specifies if the proteins concentations was constant or not. If a protein serves as a substrate such as in protease reactions, concentrations are likely to change and this field should be set to 'Not constant'.",
          "enum": [
            "Constant",
            "Not constant"
          ]
        },
        "sequence": {
          "typeName": "enzymeMLProteinSequence",
          "typeClass": "primitive",
          "multiple": false,
          "type": "string",
          "description": "Specifies the aminoacid sequence of the protein. For instance 'MGHAGAHHAG\u00c9'."
        },
        "organism": {
          "typeName": "enzymeMLProteinOrganism",
          "typeClass": "primitive",
          "multiple": false,
          "type": "string",
          "description": "Specifies the host organism that was used to express the protein."
        },
        "uniprotid": {
          "typeName": "enzymeMLProteinUniProtID",
          "typeClass": "primitive",
          "multiple": false,
          "type": "string",
          "description": "Specifies the UniProt Identifier of the protein that is used to query the UniProt database."
        },
        "ecnumber": {
          "typeName": "enzymeMLProteinECNumber",
          "typeClass": "primitive",
          "multiple": false,
          "type": "string",
          "description": "Specifies the EC-Number of the protein that denotes the hierarchical releation within the functional tree of protein-families. For instance EC: 1.1.1.1 belongs to the family of alcohol dehydrogenases."
        },
        "sbo_term": {
          "typeName": "enzymeMLProteinSBOTerm",
          "typeClass": "primitive",
          "multiple": false,
          "type": "string",
          "description": "Specifies the ID of the System Biology Ontology from branch 'material entity' to define a proteins role (e.g. SBO:0000240)"
        }
      }
    },
    "kinetic_parameters": {
      "properties": {
        "name": {
          "typeName": "enzymeMLKineticParameterName",
          "typeClass": "primitive",
          "multiple": false,
          "type": "string",
          "description": "Specifies the conventional name of the kinetic paramter that has been estimated. For instance, 'vmax' is a valid name for a parameter. Please note, that for unique identification the SBO Term should be included."
        },
        "value": {
          "typeName": "enzymeMLKineticParameterValue",
          "typeClass": "primitive",
          "multiple": false,
          "type": "number",
          "description": "Specifies the numerical value of the estimated kinetic parameter."
        },
        "unit": {
          "typeName": "enzymeMLKineticParameterUnit",
          "typeClass": "primitive",
          "multiple": false,
          "type": "string",
          "description": "Specifies the SI unit of the estimated kinetic parameter."
        },
        "sbo_term": {
          "typeName": "enzymeMLKineticParameterSBOTerm",
          "typeClass": "primitive",
          "multiple": false,
          "type": "string",
          "description": "Specifies the ID of the System Biology Ontology from branch 'systems description parameter' to define a kinetic parameter (e.g. SBO:0000545)"
        }
      }
    },
    "vessels": {
      "properties": {
        "name": {
          "typeName": "enzymeMLVesselName",
          "typeClass": "primitive",
          "multiple": false,
          "type": "string",
          "description": "Specifies the exact production name of the vessel shoudl be given here (e.g. Eppendorf Tube)"
        },
        "size": {
          "typeName": "enzymeMLVesselSize",
          "typeClass": "primitive",
          "multiple": false,
          "type": "number",
          "description": "Specifies the volume value of the given vessel (e.g. '1')"
        },
        "unit": {
          "typeName": "enzymeMLVesselUnits",
          "typeClass": "controlledVocabulary",
          "multiple": false,
          "type": "string",
          "description": "Specifies the SI unit corresponding to the given vessel size value (e.g. 'mL')",
          "enum": [
            "ul",
            "ml",
            "l"
          ]
        },
        "constant": {
          "typeName": "enzymeMLVesselConstant",
          "typeClass": "controlledVocabulary",
          "multiple": false,
          "type": "string",
          "description": "Specifies if the volume is constant or not. In some instances substances are added over the course of an experiment, where this field should be selected as 'Not constant'.",
          "enum": [
            "Constant",
            "Not constant"
          ]
        }
      }
    },
    "reactions": {
      "properties": {
        "name": {
          "typeName": "enzymeMLReactionName",
          "typeClass": "primitive",
          "multiple": false,
          "type": "string",
          "description": "Specifies the conventional name of the reaction such as 'Alcohol dehydrogenation'. Please note, that this field on purpose can not be uniqe, since names vary in between fields and newly acquired reactions might not have a conventional name yet."
        },
        "temperature_value": {
          "typeName": "enzymeMLReactionTemperatureValue",
          "typeClass": "primitive",
          "multiple": false,
          "type": "number",
          "description": "Specifies the temperature value at which the experiment was executed."
        },
        "temperature_unit": {
          "typeName": "enzymeMLReactionTemperatureUnit",
          "typeClass": "controlledVocabulary",
          "multiple": false,
          "type": "string",
          "description": "Specifies the corresponding SI unit to the temperature value.",
          "enum": [
            "Celsius",
            "Kelvin"
          ]
        },
        "ph_value": {
          "typeName": "enzymeMLReactionpH",
          "typeClass": "primitive",
          "multiple": false,
          "type": "number",
          "description": "Specifies the pH value at which the experiment was executed. Please note that pH values should fall in between the interval 0-14."
        },
        "educts": {
          "typeName": "enzymeMLReactionEduct",
          "typeClass": "primitive",
          "multiple": false,
          "type": "string",
          "description": "Specifies the participating reactants/proteins which serve as educts. If multiple educts have been used, separate each of them via semicolon ';'."
        },
        "products": {
          "typeName": "enzymeMLReactionProduct",
          "typeClass": "primitive",
          "multiple": false,
          "type": "string",
          "description": "Specifies the participating reactants/proteins which serve as products. If multiple products have been used, separate each of them via semicolon ';'."
        },
        "modifiers": {
          "typeName": "enzymeMLReactionModifier",
          "typeClass": "primitive",
          "multiple": false,
          "type": "string",
          "description": "Specifies the participating reactants/proteins which serve as modifiers. For instance catalysing proteins should be entered as modifiers, which is the same for activators/inhibitors. If multiple modifiers have been used, separate each of them via semicolon ';'."
        },
        "equation": {
          "typeName": "enzymeMLReactionEquation",
          "typeClass": "primitive",
          "multiple": false,
          "type": "string",
          "description": "Specifies the reaction equation by separating educts and products via '->', while denoting multiple educts/products with a plusign and stoichiometries by 'Y Molecule'. For instance the following describes an alcohol dehydrogenation '1 Ethanol + 1 NAD+ -> 1 Acetaldehyde + 1 NADH + 1 H+'. "
        }
      }
    }
  },
  "required": [
    "kinetic_law",
    "reactants",
    "proteins",
    "kinetic_parameters",
    "vessels",
    "reactions"
  ]
}