{
  "$id": "privacy.json",
  "$schema": "http://json-schema.org/draft-07/schema#",
  "title": "privacy",
  "type": "object",
  "properties": {
    "personal_data": {
      "typeName": "privData",
      "typeClass": "controlledVocabulary",
      "multiple": false,
      "type": "string",
      "description": "Does the dataset contain personal data according to Art. 4 GDPR?",
      "enum": [
        "no",
        "yes, but anonymized",
        "yes, but pseudonymized",
        "yes"
      ]
    },
    "special_categories": {
      "typeName": "privSpecial",
      "typeClass": "controlledVocabulary",
      "multiple": false,
      "type": "string",
      "description": "Does the dataset contain special categories of personal data according to Art.9 GDPR?",
      "enum": [
        "no",
        "yes"
      ]
    },
    "explicit_consent": {
      "typeName": "privConsent",
      "typeClass": "controlledVocabulary",
      "multiple": false,
      "type": "string",
      "description": "Did each person whose information appears in the data give explicit permission to share the data?",
      "enum": [
        "no",
        "yes"
      ]
    },
    "terms_of_consent": {
      "typeName": "privTermsOfConsent",
      "typeClass": "primitive",
      "multiple": true,
      "type": "array",
      "description": "Did the content has any restrictions on sharing?"
    },
    "measures": {
      "typeName": "privMeasures",
      "typeClass": "primitive",
      "multiple": true,
      "type": "array",
      "description": "Which technical and organisational measures are taken to secure the data (e.g. encryption of the data, rights management)?"
    },
    "_metadatablock_name": {
      "default": "privacy",
      "type": "string"
    }
  },
  "definitions": {},
  "required": []
}